,kernel_sizes,filters,pool_sizes,FC_nodes,lr,performance
0,"[10, 6, 3]","[4, 5, 20]","[8, 5, 4]","[32, 32]",0.004417739893965475,"[0.8158255219459534, 0.8158255219459534]"
1,"[8, 5, 4, 4, 1]","[5, 6, 7, 15, 23]","[10, 7, 6, 6, 4]","[128, 64]",0.01900713471289476,"[0.6738004684448242, 0.6738004684448242]"
2,"[7, 2]","[12, 21]","[4, 4]","[64, 32]",0.00014588143126411878,"[0.9797680974006653, 0.9797680974006653]"
3,"[7, 6, 3, 3, 2]","[5, 11, 13, 14, 17]","[10, 9, 4, 3, 3]","[128, 32]",0.0032635323102951615,"[0.7792716026306152, 0.7792716026306152]"
4,"[7, 7, 7, 7, 1]","[2, 4, 5, 10, 12]","[7, 6, 6, 3, 2]","[128, 4, 4]",0.012229826272616403,"[0.43178924918174744, 0.43178924918174744]"
5,"[8, 7, 4, 2]","[6, 8, 16, 18]","[10, 7, 1, 1]",[2],0.00011526964517150736,"[0.9857388734817505, 0.9857388734817505]"
6,[2],[22],[9],"[128, 64, 4]",0.0002311397472668532,"[0.9543338418006897, 0.9543338418006897]"
7,"[9, 5, 4, 4, 1]","[3, 7, 18, 22, 24]","[10, 8, 7, 3, 3]","[64, 4]",0.043330002416540205,"[1.2554090023040771, 1.2554090023040771]"
8,[3],[17],[4],[64],0.004786927193262981,"[0.44749265909194946, 0.44749265909194946]"
9,[3],[20],[7],[2],0.007617500444578579,"[0.5079955458641052, 0.5079955458641052]"
10,"[9, 9, 4, 4, 2]","[5, 7, 17, 18, 19]","[10, 8, 7, 7, 1]","[128, 128, 32]",0.007142111781394285,"[0.4474989175796509, 0.4474989175796509]"
11,"[5, 4, 3]","[10, 10, 14]","[10, 7, 3]","[64, 4, 2]",0.03839389813305577,"[0.7952327132225037, 0.7952327132225037]"
12,[9],[19],[6],[64],0.00022487317582626558,"[0.9591371417045593, 0.9591371417045593]"
13,"[10, 9, 8, 2]","[6, 7, 13, 18]","[4, 4, 2, 1]","[64, 8]",0.022364806954906665,"[0.4480055570602417, 0.4480055570602417]"
14,[9],[4],[5],"[32, 16, 8]",0.00041311129105091847,"[0.928813636302948, 0.928813636302948]"
15,"[6, 6]","[5, 24]","[9, 4]",[4],0.003037193547172912,"[0.7150523066520691, 0.7150523066520691]"
16,[8],[4],[8],[2],0.05652411040926864,"[1.0305427312850952, 1.0305427312850952]"
17,"[7, 2, 2]","[1, 5, 22]","[7, 7, 6]","[128, 16, 4]",5.7087352160993506e-05,"[0.9862681031227112, 0.9862681031227112]"
18,"[8, 5, 5, 1]","[12, 13, 13, 19]","[10, 7, 7, 2]","[4, 2]",0.004991699670667126,"[1.2087528705596924, 1.2087528705596924]"
19,"[10, 8, 4, 1]","[9, 12, 12, 22]","[9, 8, 3, 1]","[128, 4, 2]",0.0004478509281334521,"[1.0492238998413086, 1.0492238998413086]"
20,"[4, 3, 2]","[9, 20, 24]","[10, 5, 2]",[128],0.0007594599072488527,"[0.8769240975379944, 0.8769240975379944]"
21,"[10, 8, 5, 3, 1]","[3, 7, 8, 11, 24]","[9, 9, 4, 3, 2]","[64, 32]",0.010351954961341076,"[0.21176251769065857, 0.21176251769065857]"
22,"[8, 7, 5, 2, 2]","[4, 4, 5, 19, 21]","[9, 9, 9, 7, 4]","[64, 8]",1.2196817678248481e-05,"[76.16973114013672, 76.16973114013672]"
23,[5],[13],[1],"[64, 4, 4]",0.00028284333170807926,"[0.9586330652236938, 0.9586330652236938]"
24,"[7, 5, 4, 2, 1]","[2, 5, 8, 10, 16]","[9, 9, 7, 5, 2]","[128, 128, 2]",0.001808785117944113,"[0.7523531317710876, 0.7523531317710876]"
25,[7],[12],[10],[16],6.082617424258555e-05,"[0.9782220125198364, 0.9782220125198364]"
26,"[10, 5, 4, 1]","[4, 12, 19, 24]","[6, 6, 3, 2]",[2],8.859500819075e-05,"[0.9830788969993591, 0.9830788969993591]"
27,[2],[13],[9],[2],5.993173018294859e-05,"[0.9792986512184143, 0.9792986512184143]"
28,"[6, 5, 4, 4, 1]","[1, 14, 15, 20, 23]","[9, 8, 2, 2, 2]","[32, 2]",0.00010116687184671196,"[0.9740080833435059, 0.9740080833435059]"
29,"[5, 4, 1]","[5, 19, 20]","[8, 6, 1]","[64, 16, 2]",0.00015534804699680565,"[0.9687255024909973, 0.9687255024909973]"
30,[10],[15],[6],"[128, 4, 2]",0.00012009790502812464,"[0.9831064343452454, 0.9831064343452454]"
31,[1],[7],[2],"[128, 128]",1.8236854136376796e-05,"[1.0831807851791382, 1.0831807851791382]"
32,"[10, 8, 5, 3]","[2, 6, 18, 21]","[10, 8, 7, 3]","[128, 16, 2]",1.1930421926313914e-05,"[0.9843538403511047, 0.9843538403511047]"
33,"[10, 9, 4, 1]","[1, 20, 24, 24]","[9, 6, 4, 2]","[8, 8, 2]",3.980424282635115e-05,"[0.985662579536438, 0.985662579536438]"
34,"[4, 1]","[21, 21]","[9, 6]","[64, 2, 2]",0.007147170008118397,"[0.5927585959434509, 0.5927585959434509]"
35,"[2, 1]","[10, 11]","[10, 5]",[64],9.070990515049725e-05,"[0.9782739281654358, 0.9782739281654358]"
36,[2],[10],[3],"[32, 4, 2]",0.0017729225563993996,"[0.6981432437896729, 0.6981432437896729]"
37,"[10, 9, 5, 5, 3]","[4, 8, 9, 11, 21]","[10, 10, 8, 8, 1]","[32, 2]",0.015187548205266594,"[0.9821245074272156, 0.9821245074272156]"
38,"[10, 8, 5, 3, 2]","[5, 11, 12, 17, 19]","[10, 5, 5, 2, 1]","[128, 8, 2]",0.00025794102835536447,"[0.9697439074516296, 0.9697439074516296]"
39,[1],[11],[7],"[64, 16]",0.016155561106577288,"[0.17500923573970795, 0.17500923573970795]"
40,"[7, 1]","[11, 21]","[10, 4]",[64],5.093812919911713e-05,"[0.9866153001785278, 0.9866153001785278]"
41,[3],[22],[2],[4],0.0010232477413886533,"[0.9011977314949036, 0.9011977314949036]"
42,"[10, 10, 3, 1]","[7, 11, 20, 22]","[9, 8, 3, 1]","[128, 16, 2]",0.0006842656140760791,"[0.905147135257721, 0.905147135257721]"
43,"[9, 8]","[10, 13]","[6, 6]","[32, 16]",5.9057292060826675e-05,"[0.982471227645874, 0.982471227645874]"
44,"[8, 3, 1, 1]","[3, 7, 10, 11]","[5, 4, 3, 2]","[128, 4, 2]",0.05560811092808488,"[0.9779679775238037, 0.9779679775238037]"
45,"[10, 1]","[5, 7]","[4, 3]","[16, 8, 2]",0.001628235428841373,"[0.8822765946388245, 0.8822765946388245]"
46,"[5, 5, 3, 3]","[7, 7, 8, 18]","[6, 6, 5, 2]",[4],0.001152557244615533,"[0.8643738031387329, 0.8643738031387329]"
47,[8],[14],[2],"[128, 64, 64]",0.00828815482851021,"[0.19574904441833496, 0.19574904441833496]"
48,[2],[5],[2],[4],4.112208566102935e-05,"[0.984410285949707, 0.984410285949707]"
49,"[10, 8, 6, 1]","[3, 8, 9, 10]","[8, 8, 8, 6]","[8, 8]",0.0030382706748492013,"[0.4838578701019287, 0.4838578701019287]"
50,"[7, 7, 6, 5]","[8, 12, 18, 24]","[6, 5, 4, 2]","[32, 4]",9.034448446453533e-05,"[0.9800498485565186, 0.9800498485565186]"
51,"[9, 9, 9, 7, 7]","[3, 11, 12, 21, 24]","[10, 10, 8, 3, 3]",[128],0.0001072207259558173,"[0.9824517369270325, 0.9824517369270325]"
52,"[8, 8, 5, 4]","[12, 19, 23, 24]","[10, 8, 5, 2]","[64, 2, 2]",1.0790753791069135e-05,"[38.57684326171875, 38.57684326171875]"
53,[2],[22],[3],[4],0.0007303676665273106,"[0.9589022397994995, 0.9589022397994995]"
54,[9],[12],[10],"[64, 64]",0.00012394801707374682,"[0.9826473593711853, 0.9826473593711853]"
55,"[9, 3, 1]","[10, 20, 20]","[9, 2, 2]","[32, 2]",0.00011092368918863227,"[0.9799078702926636, 0.9799078702926636]"
56,"[9, 8, 7, 7, 3]","[2, 6, 10, 16, 19]","[10, 8, 6, 6, 2]",[8],0.01961238926580968,"[0.3673824965953827, 0.3673824965953827]"
57,"[6, 4, 3]","[8, 9, 9]","[8, 8, 4]","[8, 8, 4]",0.00031277818341646175,"[0.9608404636383057, 0.9608404636383057]"
58,[8],[5],[3],[2],6.842742995134105e-05,"[0.9884191751480103, 0.9884191751480103]"
59,"[7, 5]","[14, 24]","[7, 6]",[4],0.014138767900639263,"[0.3648264706134796, 0.3648264706134796]"
60,"[6, 4, 4, 1]","[10, 12, 14, 16]","[10, 8, 8, 4]","[4, 4, 2]",0.011813732648493542,"[0.40503260493278503, 0.40503260493278503]"
61,[5],[15],[1],[4],0.0006938371565207825,"[0.990196943283081, 0.990196943283081]"
62,"[6, 5, 1]","[2, 4, 19]","[6, 5, 3]","[64, 8]",2.34913406458322e-05,"[0.9840714931488037, 0.9840714931488037]"
63,"[8, 5, 2, 1, 1]","[3, 6, 11, 22, 23]","[9, 9, 8, 8, 2]","[128, 64]",0.09846279982516457,"[1.0043095350265503, 1.0043096542358398]"
64,"[9, 7, 2]","[5, 15, 24]","[9, 7, 1]",[8],0.007599933898961031,"[0.5428977608680725, 0.5428977608680725]"
65,"[8, 6, 3, 2]","[3, 9, 15, 18]","[10, 6, 3, 2]","[32, 32, 4]",0.0005162767529890303,"[0.9576939940452576, 0.9576939940452576]"
66,"[1, 1]","[13, 20]","[8, 7]","[128, 128, 64]",0.007222557565019705,"[0.3618052005767822, 0.3618052005767822]"
67,"[9, 2, 1]","[7, 16, 21]","[6, 6, 3]",[8],0.0004993797251739407,"[0.9540550112724304, 0.9540550112724304]"
68,"[5, 2]","[9, 19]","[9, 4]",[128],0.03876579391963987,"[0.7408656477928162, 0.7408656477928162]"
69,"[7, 7, 4, 2, 2]","[2, 4, 6, 10, 14]","[10, 6, 5, 3, 2]","[128, 32, 8]",0.0358853384565861,"[0.49350449442863464, 0.49350449442863464]"
70,"[10, 9, 5, 5]","[4, 4, 6, 9]","[9, 4, 2, 1]","[64, 32, 8]",0.0012390378435324638,"[0.898729145526886, 0.898729145526886]"
71,"[10, 8, 5, 5, 1]","[4, 7, 11, 11, 18]","[9, 7, 6, 5, 3]","[32, 2]",0.043486274330705774,"[0.89300137758255, 0.89300137758255]"
72,"[10, 7, 6, 6, 3]","[2, 3, 12, 15, 17]","[8, 6, 6, 4, 1]","[64, 32]",0.057512905910898936,"[0.8140509128570557, 0.8140509128570557]"
73,"[7, 5, 3]","[17, 17, 20]","[9, 6, 2]",[16],0.012848268993527336,"[0.31676045060157776, 0.31676045060157776]"
74,"[8, 6]","[12, 15]","[9, 5]","[128, 128]",6.193671939849429e-05,"[0.9762991666793823, 0.9762991666793823]"
75,[8],[8],[8],[64],0.06416676139473747,"[1.2367258071899414, 1.2367258071899414]"
76,"[10, 8, 7, 2, 1]","[11, 16, 17, 19, 21]","[9, 6, 5, 1, 1]",[2],0.011679472755814591,"[0.10677564144134521, 0.10677564144134521]"
77,"[10, 8, 5, 4, 1]","[4, 13, 14, 20, 20]","[5, 5, 4, 2, 1]","[8, 2]",0.02043502086305693,"[0.5813435912132263, 0.5813435912132263]"
78,"[9, 5, 3, 2]","[5, 6, 8, 14]","[5, 3, 3, 2]","[64, 16, 16]",0.01177518866758263,"[0.9823317527770996, 0.9823317527770996]"
79,[7],[5],[2],[32],0.006127653179760168,"[0.678665280342102, 0.678665280342102]"
80,[4],[22],[1],"[128, 128, 2]",0.0013655807640329783,"[0.863618016242981, 0.863618016242981]"
81,"[9, 6, 3]","[1, 2, 22]","[6, 4, 4]","[128, 64, 32]",0.0017065517430698753,"[0.7403451800346375, 0.7403451800346375]"
82,"[10, 4]","[2, 19]","[6, 6]","[128, 16, 4]",3.270778813822277e-05,"[0.986406683921814, 0.986406683921814]"
83,[6],[8],[4],"[64, 16, 16]",0.0014663620021576388,"[0.8243784308433533, 0.8243784308433533]"
84,"[10, 10, 9, 9, 3]","[11, 13, 14, 22, 22]","[10, 8, 7, 5, 1]",[4],0.0026581709615596644,"[0.6774764657020569, 0.6774764657020569]"
85,"[4, 1]","[9, 16]","[5, 1]","[128, 16]",0.04092790703856277,"[0.8241255283355713, 0.8241255283355713]"
86,[6],[8],[2],[64],6.781366964125511e-05,"[0.9831169247627258, 0.9831169247627258]"
87,"[4, 3, 2]","[2, 16, 23]","[9, 7, 6]","[32, 8, 2]",1.8385225637732075e-05,"[0.9849799275398254, 0.9849799275398254]"
88,"[10, 9, 2]","[4, 16, 21]","[10, 9, 5]",[64],4.634415296644162e-05,"[0.9810795783996582, 0.9810795783996582]"
89,"[10, 7]","[14, 22]","[9, 5]","[64, 16, 2]",0.000415661490623581,"[0.9627035856246948, 0.9627035856246948]"
90,"[5, 4, 3, 1]","[8, 10, 15, 18]","[9, 8, 7, 6]","[128, 4, 2]",0.003572705595233212,"[0.5520605444908142, 0.5520605444908142]"
91,"[10, 7, 4]","[12, 16, 21]","[4, 2, 2]","[16, 8, 2]",4.805413440481317e-05,"[0.9788157939910889, 0.9788157939910889]"
92,"[9, 7, 2]","[3, 9, 15]","[7, 2, 2]",[128],0.0006886748631531246,"[0.9696226716041565, 0.9696226716041565]"
93,[2],[10],[9],"[64, 2]",0.00047444227789935847,"[0.9534599184989929, 0.9534599184989929]"
94,"[10, 9, 6, 6]","[6, 15, 18, 21]","[7, 6, 6, 5]","[64, 4]",0.008704853503853395,"[0.6730886697769165, 0.6730886697769165]"
95,"[10, 7, 5, 3]","[3, 14, 20, 24]","[10, 10, 4, 3]","[64, 32, 2]",4.2470699700971294e-05,"[0.9807425737380981, 0.9807425737380981]"
96,"[7, 6, 5]","[3, 5, 5]","[6, 4, 3]","[32, 32, 4]",2.832747589045617e-05,"[0.985874354839325, 0.985874354839325]"
97,"[8, 6, 6, 2, 1]","[1, 2, 4, 5, 13]","[9, 7, 5, 4, 4]","[64, 4, 2]",0.05133515789046771,"[0.8302468657493591, 0.8302468657493591]"
98,[8],[2],[8],"[8, 4, 4]",0.023740094493087727,"[0.5409657955169678, 0.5409657955169678]"
99,"[8, 7, 6, 3]","[4, 9, 14, 24]","[9, 8, 2, 2]","[128, 2]",0.0009266873945793956,"[0.9707886576652527, 0.9707886576652527]"
100,"[9, 9, 4, 2]","[6, 12, 14, 23]","[9, 1, 1, 1]",[8],0.010846043738705546,"[0.32266831398010254, 0.32266831398010254]"
101,[6],[12],[1],"[32, 4, 2]",0.03138857012634899,"[0.8171743750572205, 0.8171743750572205]"
102,"[10, 9, 5, 1]","[1, 9, 18, 23]","[10, 9, 7, 4]","[128, 64, 64]",5.298976230950615e-05,"[0.9863623380661011, 0.9863623380661011]"
103,"[10, 9, 3]","[10, 14, 24]","[9, 6, 4]","[32, 32, 4]",0.0044070362905185845,"[0.30984097719192505, 0.30984097719192505]"
104,"[6, 5, 3, 1]","[5, 16, 22, 24]","[9, 9, 4, 2]","[128, 64]",0.0003372326639551336,"[0.9549148678779602, 0.9549148678779602]"
105,[10],[13],[7],[128],1.894658161300561e-05,"[0.985285758972168, 0.985285758972168]"
106,"[6, 5]","[19, 24]","[10, 1]","[16, 4]",0.0001606194438209343,"[0.9948318600654602, 0.9948318600654602]"
107,"[9, 5, 2]","[2, 13, 16]","[10, 7, 3]",[64],0.00017613838743593435,"[0.9701638221740723, 0.9701638221740723]"
108,[2],[1],[4],"[128, 32, 4]",0.0002181594922269014,"[0.9873600602149963, 0.9873600602149963]"
109,"[9, 9, 5, 3, 3]","[9, 10, 14, 21, 23]","[9, 6, 5, 3, 3]","[32, 4, 2]",0.05450367325078059,"[1.0123356580734253, 1.0123356580734253]"
110,"[10, 7, 5]","[8, 9, 18]","[6, 5, 3]",[2],0.000567334260354707,"[0.9582387804985046, 0.9582387804985046]"
111,"[9, 8, 7, 6, 4]","[5, 7, 11, 12, 23]","[10, 5, 5, 4, 3]","[4, 2, 2]",0.029291431963824624,"[0.9377648234367371, 0.9377648234367371]"
112,"[8, 7, 5, 4]","[14, 15, 17, 20]","[9, 6, 4, 2]","[32, 4, 2]",0.007771493239044983,"[0.8921933174133301, 0.8921933174133301]"
113,"[3, 1]","[6, 22]","[9, 6]",[128],1.552532143086518e-05,"[0.9876261949539185, 0.9876261949539185]"
114,"[10, 8, 3, 3]","[2, 7, 10, 24]","[6, 4, 4, 3]","[32, 8]",0.00034830851882903906,"[0.9652761816978455, 0.9652761816978455]"
115,"[10, 7, 6, 5, 5]","[2, 18, 19, 22, 24]","[10, 8, 6, 3, 2]","[64, 64, 8]",6.737373290003917e-05,"[0.980927586555481, 0.980927586555481]"
116,[9],[24],[3],"[128, 64]",1.3066697694324348e-05,"[28.190549850463867, 28.190549850463867]"
117,"[9, 8, 4, 2, 1]","[5, 10, 15, 16, 19]","[9, 7, 5, 3, 3]","[128, 4]",0.057111211529290606,"[0.8670651912689209, 0.8670651912689209]"
118,"[10, 3, 2, 1]","[3, 8, 13, 14]","[9, 8, 4, 2]","[128, 32, 8]",0.0012526643809871573,"[0.8923548460006714, 0.8923548460006714]"
119,[4],[22],[8],[32],0.015440426204343749,"[0.15841077268123627, 0.15841077268123627]"
120,[2],[2],[3],[128],0.00013684616319923007,"[0.9718560576438904, 0.9718560576438904]"
121,[2],[23],[8],"[2, 2]",0.014358724757749446,"[0.3598591983318329, 0.3598591983318329]"
122,"[9, 8]","[10, 13]","[5, 2]","[16, 2]",0.00017091589098451376,"[0.9656683802604675, 0.9656683802604675]"
123,[6],[3],[10],[128],0.009853330156821044,"[0.2075720578432083, 0.2075720578432083]"
124,"[9, 8, 3, 2, 1]","[4, 13, 13, 15, 24]","[8, 7, 6, 5, 1]","[64, 32]",1.4678437968449963e-05,"[1.0799379348754883, 1.0799379348754883]"
125,"[9, 7, 5, 4, 3]","[5, 19, 19, 23, 24]","[10, 8, 5, 5, 1]","[32, 4]",3.983339198929269e-05,"[0.9850863814353943, 0.9850863814353943]"
126,"[8, 5, 1]","[18, 23, 23]","[6, 2, 2]","[64, 16, 8]",0.011334677211040853,"[1.1019304990768433, 1.1019304990768433]"
127,"[9, 2, 1]","[1, 14, 17]","[6, 5, 2]","[16, 4]",0.0009645522779413063,"[1.053494930267334, 1.053494930267334]"
128,"[9, 5, 4, 4]","[5, 8, 11, 14]","[10, 9, 3, 2]","[32, 2]",0.08357126454368438,"[1.1692806482315063, 1.1692806482315063]"
129,"[9, 9, 8, 4, 3]","[4, 5, 6, 19, 22]","[8, 7, 5, 3, 1]","[128, 64]",4.867355602206295e-05,"[0.9832758903503418, 0.9832758903503418]"
130,"[9, 7, 5, 5, 2]","[7, 10, 10, 16, 24]","[8, 7, 5, 4, 1]","[64, 16]",5.6054429583168505e-05,"[0.9923776984214783, 0.9923776984214783]"
131,"[10, 4, 2]","[4, 16, 16]","[9, 3, 1]",[8],5.616085194447486e-05,"[0.9839159846305847, 0.9839159846305847]"
132,"[9, 5]","[20, 24]","[8, 7]","[64, 8, 4]",0.0023827960833618495,"[0.7776194214820862, 0.7776194214820862]"
133,"[7, 5, 3]","[1, 15, 23]","[9, 8, 3]",[4],0.0006335987226397979,"[0.9473368525505066, 0.9473368525505066]"
134,"[8, 6, 6, 4]","[8, 11, 18, 18]","[6, 4, 3, 3]","[32, 16, 8]",0.00042823408725911887,"[0.9447129964828491, 0.9447129964828491]"
135,"[9, 8, 7, 6, 3]","[5, 15, 15, 21, 22]","[5, 4, 3, 2, 2]","[128, 8]",0.0059556558432426404,"[0.3496433198451996, 0.3496433198451996]"
136,"[9, 9, 5, 2, 1]","[1, 7, 9, 17, 18]","[10, 8, 7, 7, 2]","[8, 2]",0.0005163810980131487,"[0.9716113805770874, 0.9716113805770874]"
137,"[9, 7]","[1, 23]","[9, 6]",[64],0.00023431057543349664,"[0.9695915579795837, 0.9695915579795837]"
138,"[9, 9, 5, 4, 1]","[5, 7, 7, 21, 24]","[10, 5, 5, 5, 1]","[64, 32, 8]",0.0719985343535627,"[0.9875737428665161, 0.9875737428665161]"
139,[4],[19],[9],"[64, 64, 64]",0.07621772802666499,"[0.9937409162521362, 0.9937409162521362]"
140,[10],[16],[8],"[128, 32]",0.010988416362634632,"[0.8099946975708008, 0.8099946975708008]"
141,"[10, 9, 7, 7, 1]","[13, 15, 16, 17, 19]","[6, 6, 2, 2, 1]","[32, 2]",0.0022762397183158905,"[0.4689196050167084, 0.4689196050167084]"
142,"[9, 9, 7, 7, 3]","[1, 4, 10, 11, 21]","[10, 9, 5, 1, 1]",[128],0.013350995762905613,"[0.5265772342681885, 0.5265772342681885]"
143,"[10, 2]","[7, 12]","[7, 3]",[4],0.0006854498606361105,"[0.9032337665557861, 0.9032337665557861]"
144,"[8, 8, 4, 3]","[2, 9, 10, 22]","[8, 4, 2, 1]",[32],0.00031593671693406534,"[0.9560785889625549, 0.9560785889625549]"
145,"[7, 7, 1]","[5, 13, 19]","[9, 5, 1]","[128, 64, 32]",0.00033233560900537343,"[0.9678629636764526, 0.9678629636764526]"
146,"[10, 4, 3, 3, 1]","[8, 12, 22, 23, 24]","[8, 6, 5, 3, 2]","[64, 16]",0.0007070576836384256,"[0.9034181237220764, 0.9034181237220764]"
147,[1],[3],[2],[128],0.0010739556931884386,"[0.8705500960350037, 0.8705500960350037]"
148,[5],[24],[6],"[16, 8]",0.000269883925455504,"[0.9807366728782654, 0.9807366728782654]"
149,"[8, 3, 2, 1]","[1, 2, 4, 20]","[6, 6, 6, 3]","[128, 32, 8]",2.0534792938457987e-05,"[0.9816076755523682, 0.9816076755523682]"
150,"[9, 6]","[14, 21]","[7, 4]",[8],0.04848703297220801,"[0.975028395652771, 0.975028395652771]"
151,[4],[15],[10],[16],0.00013746819933876435,"[0.9760723114013672, 0.9760723114013672]"
152,[4],[21],[4],[128],1.1323752548755054e-05,"[3.2637016773223877, 3.2637016773223877]"
153,"[7, 7, 6, 6, 4]","[6, 8, 11, 13, 16]","[10, 9, 8, 3, 1]",[4],0.056117489095379926,"[0.9188976883888245, 0.9188976883888245]"
154,"[10, 10, 10, 2]","[7, 11, 21, 22]","[7, 4, 3, 2]",[4],0.04553575217274072,"[0.9748108386993408, 0.9748108386993408]"
155,"[6, 1]","[15, 15]","[9, 5]",[2],0.00032663633290279566,"[0.989540696144104, 0.989540696144104]"
156,"[10, 9, 5]","[1, 14, 18]","[7, 4, 1]","[2, 2]",1.6305065773291206e-05,"[0.9820001125335693, 0.9820001125335693]"
157,"[7, 6, 4, 1]","[4, 6, 8, 20]","[10, 6, 6, 4]","[8, 2, 2]",0.0006091427877143131,"[0.9444963335990906, 0.9444963335990906]"
158,"[9, 2]","[4, 8]","[6, 3]","[64, 16]",0.00040890335457325884,"[1.0851222276687622, 1.0851222276687622]"
159,"[7, 2]","[12, 20]","[10, 4]","[32, 8]",1.496695920652746e-05,"[0.9805435538291931, 0.9805435538291931]"
160,"[5, 4, 3, 3]","[4, 5, 18, 22]","[7, 5, 5, 3]","[16, 16, 4]",0.0003090817738763095,"[0.9848440289497375, 0.9848440289497375]"
161,[8],[7],[7],"[128, 64, 8]",0.017031624999274495,"[0.6471118927001953, 0.6471118927001953]"
162,"[8, 6, 5]","[6, 21, 23]","[7, 5, 3]","[128, 32]",0.00017686349128114744,"[0.9625781178474426, 0.9625781178474426]"
163,[10],[11],[2],"[128, 32]",0.0012058003207776706,"[0.8170997500419617, 0.8170997500419617]"
164,"[5, 3, 3, 3]","[2, 3, 16, 21]","[9, 9, 4, 3]",[32],0.00030659136472144287,"[0.965129017829895, 0.965129017829895]"
165,"[8, 7, 5, 3, 2]","[6, 9, 16, 20, 23]","[9, 5, 4, 3, 3]","[32, 16, 8]",0.0022263779835637733,"[0.6926146745681763, 0.6926146745681763]"
166,"[10, 9, 5, 4, 4]","[1, 2, 5, 11, 17]","[9, 7, 7, 4, 4]",[32],0.0060084675082201725,"[0.5129797458648682, 0.5129797458648682]"
167,"[10, 10, 6]","[7, 17, 20]","[4, 3, 2]","[128, 8, 4]",0.0516684595997423,"[0.7402003407478333, 0.7402003407478333]"
168,"[2, 1, 1]","[2, 10, 19]","[10, 6, 1]","[64, 2]",5.3253005169610664e-05,"[0.9828979969024658, 0.9828979969024658]"
169,"[6, 5, 5]","[9, 13, 19]","[4, 1, 1]",[128],6.376347245639962e-05,"[0.9807935357093811, 0.9807935357093811]"
170,"[7, 4]","[3, 6]","[6, 4]","[64, 32, 4]",0.005090441075968672,"[0.36241278052330017, 0.36241278052330017]"
171,"[9, 7]","[16, 24]","[9, 3]","[16, 8, 4]",0.0006017352886997965,"[0.9412519931793213, 0.9412519931793213]"
172,"[9, 8, 7, 5]","[1, 14, 16, 16]","[9, 8, 6, 1]","[128, 32]",0.03305781477777257,"[0.9939604997634888, 0.9939604997634888]"
173,"[6, 4]","[3, 20]","[8, 5]","[16, 4]",0.023254723044692387,"[0.32834959030151367, 0.32834959030151367]"
174,"[9, 7]","[7, 13]","[3, 3]","[16, 8, 4]",0.03693768861473256,"[0.7563051581382751, 0.7563051581382751]"
175,"[7, 3, 3]","[8, 14, 22]","[10, 9, 5]","[32, 4, 4]",0.0012683256883866862,"[0.9021987318992615, 0.9021987318992615]"
176,"[7, 6, 4, 4, 3]","[7, 13, 14, 19, 20]","[7, 4, 3, 1, 1]","[16, 8, 4]",0.0027183941984240518,"[0.87376868724823, 0.87376868724823]"
177,"[10, 9]","[14, 15]","[8, 1]",[2],5.015408213019209e-05,"[0.9879541397094727, 0.9879541397094727]"
178,[5],[13],[9],"[128, 64, 64]",0.011646417563150172,"[0.724998414516449, 0.724998414516449]"
179,"[8, 6, 6, 5, 3]","[5, 7, 8, 11, 15]","[7, 6, 5, 1, 1]",[32],1.9591295737320584e-05,"[0.9832755923271179, 0.9832755923271179]"
180,"[8, 8, 5]","[6, 7, 19]","[10, 9, 4]","[8, 4, 4]",5.093426585712063e-05,"[0.982972264289856, 0.982972264289856]"
181,"[10, 3, 1]","[2, 6, 14]","[10, 6, 3]","[32, 32]",0.0007150531331628879,"[0.9538754224777222, 0.9538754224777222]"
182,[2],[12],[5],"[4, 2]",0.020917549401079625,"[0.631706178188324, 0.6317062377929688]"
183,[1],[18],[7],"[64, 4, 2]",4.944131539454911e-05,"[0.984261691570282, 0.984261691570282]"
184,"[10, 6, 6, 4, 2]","[1, 6, 6, 10, 20]","[7, 5, 3, 2, 1]","[64, 8]",0.00018502752375815397,"[0.9588558673858643, 0.9588558673858643]"
185,"[8, 6, 2]","[9, 19, 21]","[7, 4, 3]",[32],0.0009234547820058649,"[1.0118887424468994, 1.0118887424468994]"
186,"[10, 5, 2, 1]","[9, 10, 14, 14]","[7, 5, 3, 1]",[32],0.0008140576383240949,"[0.950661838054657, 0.950661838054657]"
187,"[6, 5, 5, 4, 2]","[4, 11, 21, 23, 24]","[9, 8, 6, 3, 2]","[128, 32, 8]",3.130235262072051e-05,"[0.9821714758872986, 0.9821714758872986]"
188,"[6, 5, 5]","[4, 5, 9]","[9, 8, 2]",[32],6.2825299487033e-05,"[0.9889012575149536, 0.9889012575149536]"
189,"[10, 9, 6]","[2, 10, 17]","[10, 9, 8]","[16, 2]",0.00016972059172020495,"[0.9770240783691406, 0.9770240783691406]"
190,[9],[7],[4],"[16, 4, 4]",0.007566753087159565,"[0.5228349566459656, 0.5228349566459656]"
191,"[8, 7, 6]","[1, 10, 11]","[3, 3, 2]","[4, 4]",0.0032955079900965,"[0.752721905708313, 0.752721905708313]"
192,"[9, 8, 5, 2]","[10, 11, 12, 18]","[9, 7, 6, 1]",[4],0.0010314588028144044,"[0.9026899337768555, 0.9026899337768555]"
193,"[10, 4]","[12, 21]","[5, 1]","[128, 4, 2]",3.689457586407922e-05,"[0.9873840808868408, 0.9873840808868408]"
194,"[9, 7, 5, 2, 1]","[1, 9, 20, 21, 24]","[8, 6, 4, 3, 3]","[32, 2]",7.518182240892492e-05,"[79.79118347167969, 79.79118347167969]"
195,"[9, 7, 4, 4, 2]","[2, 4, 9, 11, 19]","[9, 9, 8, 6, 2]",[2],2.9987102973698998e-05,"[0.9814774990081787, 0.9814774990081787]"
196,"[6, 1]","[23, 24]","[6, 5]","[16, 4]",0.09739463406142093,"[0.981630265712738, 0.981630265712738]"
197,"[10, 6, 5]","[3, 6, 10]","[8, 5, 3]","[64, 16]",0.034589899361138814,"[0.39615264534950256, 0.39615264534950256]"
198,"[3, 2, 2, 1]","[3, 5, 6, 11]","[8, 5, 4, 1]","[64, 32]",0.0005756013113482953,"[1.0870343446731567, 1.0870343446731567]"
199,[9],[24],[5],[2],0.023815773211037224,"[0.28190985321998596, 0.28190985321998596]"
200,"[9, 7, 6, 4]","[3, 5, 8, 22]","[10, 3, 2, 1]","[8, 8]",3.0064538473457862e-05,"[0.9830397367477417, 0.9830397367477417]"
201,"[7, 2]","[1, 15]","[4, 3]","[16, 8, 2]",0.00016413269775706927,"[0.9640511870384216, 0.9640511870384216]"
202,"[8, 5, 1, 1, 1]","[12, 19, 20, 22, 23]","[10, 9, 7, 4, 2]","[64, 8, 4]",0.00021789149652534632,"[0.970564603805542, 0.970564603805542]"
203,"[10, 10]","[12, 16]","[9, 5]","[32, 2]",5.3284901620957785e-05,"[0.9797051548957825, 0.9797051548957825]"
204,"[1, 1, 1]","[4, 19, 23]","[5, 4, 2]","[16, 8, 2]",0.010003256631741087,"[0.18236704170703888, 0.18236704170703888]"
205,"[10, 1]","[8, 9]","[4, 3]","[128, 4, 2]",0.00027284803735114454,"[0.957902193069458, 0.957902193069458]"
206,[8],[14],[2],[64],0.0010837580960736941,"[0.8958775401115417, 0.8958775401115417]"
207,[10],[6],[8],"[16, 8, 4]",0.0780567009217869,"[0.6906696557998657, 0.6906696557998657]"
208,"[9, 6, 5, 4, 3]","[7, 9, 18, 20, 24]","[10, 5, 3, 3, 1]",[16],0.0007365874616062208,"[0.9247601628303528, 0.9247601628303528]"
209,"[9, 7, 5, 5, 2]","[4, 13, 14, 20, 22]","[9, 8, 8, 1, 1]",[32],0.00037910670924055825,"[0.9630449414253235, 0.9630449414253235]"
210,"[6, 2, 1]","[6, 11, 21]","[8, 4, 2]","[128, 32, 4]",9.427060595757686e-05,"[0.9866671562194824, 0.9866671562194824]"
211,[5],[9],[8],"[64, 8, 4]",0.0370560511513276,"[0.7882255911827087, 0.7882255911827087]"
212,"[8, 7, 7]","[1, 18, 24]","[6, 4, 1]",[8],0.007334607476481158,"[0.4267626106739044, 0.4267626106739044]"
213,"[6, 4, 3, 3]","[1, 13, 14, 18]","[10, 4, 1, 1]","[128, 128, 32]",0.048571320121315174,"[1.095681071281433, 1.095681071281433]"
214,"[7, 2]","[10, 23]","[9, 1]",[64],0.0010179756304715037,"[0.9264374375343323, 0.9264374375343323]"
215,"[10, 3]","[16, 18]","[10, 7]",[2],0.0011197795752478214,"[0.8733546137809753, 0.8733546137809753]"
216,"[8, 8, 3]","[4, 7, 16]","[7, 5, 2]",[128],0.052394439400736945,"[0.8439931273460388, 0.8439931273460388]"
217,"[8, 7, 6, 5, 4]","[7, 9, 12, 12, 14]","[10, 6, 5, 5, 4]",[8],1.4233777489019779e-05,"[0.978915274143219, 0.978915274143219]"
218,"[10, 8, 7, 4, 3]","[12, 14, 22, 22, 24]","[9, 8, 7, 2, 1]","[128, 64, 2]",0.0013732860726855351,"[0.6780476570129395, 0.6780476570129395]"
219,"[6, 6, 1]","[5, 17, 19]","[10, 5, 1]","[8, 4, 2]",0.057899170652019695,"[1.193284273147583, 1.193284273147583]"
220,[1],[6],[3],"[8, 4, 4]",0.004514762201054823,"[0.5511684417724609, 0.5511684417724609]"
221,[4],[11],[4],[2],0.013969065509791965,"[0.1867191195487976, 0.1867191195487976]"
222,"[9, 6]","[2, 11]","[8, 2]","[16, 8]",2.2783042183348915e-05,"[0.9848734736442566, 0.9848734736442566]"
223,"[8, 7, 7, 6, 3]","[2, 21, 22, 24, 24]","[8, 7, 7, 3, 3]","[64, 16]",0.006639086828870158,"[0.42947208881378174, 0.42947208881378174]"
224,"[8, 6, 4, 2]","[1, 2, 21, 22]","[10, 10, 9, 6]",[4],0.00044038999336985714,"[0.9280511140823364, 0.9280511140823364]"
225,"[7, 3]","[3, 8]","[9, 2]","[32, 32]",0.00047508246786381333,"[0.971802830696106, 0.971802830696106]"
226,"[10, 1, 1]","[15, 19, 23]","[5, 3, 3]",[128],0.010813988714401911,"[0.2537156045436859, 0.2537156045436859]"
227,"[7, 7, 4, 2]","[4, 10, 20, 23]","[9, 8, 8, 1]","[64, 32, 16]",0.00010003419421525393,"[0.9711669683456421, 0.9711669683456421]"
228,"[10, 10, 3]","[3, 20, 23]","[6, 6, 3]","[64, 8, 2]",2.7840298427733352e-05,"[0.9845836162567139, 0.9845836162567139]"
229,"[6, 6, 6, 5, 5]","[9, 10, 10, 17, 23]","[10, 7, 4, 2, 1]",[8],3.069285637135417e-05,"[1.035137414932251, 1.035137414932251]"
230,"[5, 3, 3, 2, 2]","[7, 9, 11, 14, 20]","[5, 3, 2, 2, 1]","[16, 2]",0.00038937973671437427,"[0.9530850648880005, 0.9530850648880005]"
231,"[6, 3]","[3, 15]","[7, 4]","[64, 64, 2]",0.00776218478883696,"[0.9850478768348694, 0.9850478768348694]"
232,"[10, 3]","[15, 19]","[3, 1]","[128, 128, 4]",0.002210900955586796,"[0.8135472536087036, 0.8135472536087036]"
233,"[8, 7, 6, 2]","[5, 12, 14, 16]","[10, 4, 4, 3]","[16, 8]",1.5755963931543117e-05,"[1.1993392705917358, 1.1993392705917358]"
234,"[10, 10, 6, 6]","[1, 5, 12, 18]","[6, 5, 3, 2]","[32, 32, 16]",0.07660666470616447,"[1.2605963945388794, 1.2605963945388794]"
235,"[7, 7, 3, 1]","[3, 14, 16, 18]","[4, 3, 2, 1]","[128, 32, 8]",0.02104517111935941,"[0.5736883878707886, 0.5736883878707886]"
236,"[5, 3, 3, 2]","[5, 11, 17, 23]","[8, 7, 7, 3]",[32],3.168760194993491e-05,"[81.5697021484375, 81.5697021484375]"
237,[6],[12],[6],[16],0.005385556607685376,"[0.6957326531410217, 0.6957326531410217]"
238,"[5, 3, 2]","[3, 17, 19]","[8, 7, 7]",[128],0.05041134401317122,"[1.0265673398971558, 1.0265673398971558]"
239,"[6, 4, 1]","[1, 17, 18]","[10, 5, 2]","[32, 16]",0.0014465424652333589,"[0.7491129040718079, 0.7491129040718079]"
240,[7],[7],[6],"[32, 8]",0.018316736618051586,"[0.812796950340271, 0.812796950340271]"
241,"[10, 8]","[15, 21]","[10, 6]","[16, 2]",0.00018923354461193757,"[0.9589384198188782, 0.9589384198188782]"
242,"[9, 8, 6, 3, 3]","[8, 12, 14, 18, 18]","[10, 9, 8, 8, 1]",[2],0.00039536694462375803,"[0.9448123574256897, 0.9448123574256897]"
243,"[6, 1]","[4, 19]","[8, 6]",[8],1.4012212111680927e-05,"[0.9738989472389221, 0.9738989472389221]"
244,"[10, 9, 2, 2, 1]","[12, 12, 15, 16, 16]","[10, 10, 10, 5, 4]",[16],0.00040747634569469914,"[1.0018422603607178, 1.0018422603607178]"
245,"[10, 8, 8, 3, 1]","[7, 10, 11, 22, 24]","[9, 4, 3, 3, 1]","[8, 8, 4]",0.0037511771027157253,"[0.6186551451683044, 0.6186551451683044]"
246,"[10, 10, 7, 6, 4]","[4, 9, 11, 12, 12]","[8, 5, 2, 1, 1]","[128, 8, 8]",0.05585265645133648,"[1.0397660732269287, 1.0397660732269287]"
247,"[9, 8, 5, 1]","[3, 7, 15, 22]","[8, 6, 5, 1]","[128, 32, 2]",0.0020087736628541146,"[0.7971118688583374, 0.7971118688583374]"
248,"[9, 6, 5, 4, 2]","[2, 9, 10, 16, 19]","[10, 9, 7, 4, 1]","[8, 4]",0.0008404953974755684,"[0.9727033376693726, 0.9727033376693726]"
249,[10],[3],[2],"[8, 2]",0.05720596777330522,"[1.03702712059021, 1.03702712059021]"
250,"[9, 5, 4, 2, 1]","[13, 13, 19, 19, 24]","[10, 9, 7, 6, 3]","[16, 8]",0.00012861231836527794,"[0.9992064833641052, 0.9992064833641052]"
251,[8],[2],[5],"[16, 4]",0.00022087800120415096,"[0.9732906818389893, 0.9732906818389893]"
252,"[8, 6, 5]","[5, 21, 23]","[10, 8, 3]",[16],0.006322712728008714,"[0.49761688709259033, 0.49761688709259033]"
253,"[7, 1]","[5, 22]","[8, 1]","[64, 16, 16]",0.0001374328876652666,"[0.9623312950134277, 0.9623312950134277]"
254,"[5, 4, 4, 3]","[2, 14, 21, 23]","[10, 6, 4, 3]",[16],0.0009225519035591718,"[0.884483277797699, 0.884483277797699]"
255,"[7, 4]","[4, 16]","[8, 4]","[32, 8, 2]",2.1604087163060652e-05,"[0.9835341572761536, 0.9835341572761536]"
256,[10],[22],[3],"[64, 32, 16]",1.3031794567043384e-05,"[0.9810655117034912, 0.9810655117034912]"
257,[10],[16],[2],"[8, 4, 2]",0.005564740364362252,"[0.5370539426803589, 0.5370539426803589]"
258,"[10, 7, 6, 2, 1]","[2, 4, 8, 13, 20]","[9, 7, 5, 2, 1]","[128, 16, 2]",0.036475897331127834,"[0.3867869973182678, 0.3867869973182678]"
259,"[9, 3]","[2, 17]","[10, 5]","[64, 8, 2]",0.0005543652453743351,"[0.9415074586868286, 0.9415074586868286]"
260,"[9, 5, 4, 2]","[2, 6, 22, 23]","[10, 8, 5, 2]",[128],0.0003961386066604164,"[0.9558652639389038, 0.9558652639389038]"
261,"[8, 7, 6]","[1, 6, 12]","[10, 4, 2]",[16],0.004431954005271958,"[0.7587934732437134, 0.7587934732437134]"
262,"[10, 9, 8, 2]","[3, 11, 17, 18]","[8, 7, 6, 1]",[8],0.006423872060951553,"[0.40385207533836365, 0.40385207533836365]"
263,"[8, 3, 2, 2]","[10, 13, 16, 19]","[8, 3, 3, 1]",[16],0.053616686987038926,"[0.8380162119865417, 0.8380162119865417]"
264,[2],[19],[7],"[128, 8]",0.04267573079982098,"[0.9814252853393555, 0.9814252853393555]"
265,"[10, 6]","[1, 17]","[8, 3]","[128, 2]",0.0037745789724338563,"[0.45297420024871826, 0.45297420024871826]"
266,"[10, 6, 6, 5]","[2, 10, 11, 16]","[10, 7, 5, 2]",[2],1.6705521498909167e-05,"[0.977507472038269, 0.977507472038269]"
267,"[9, 2]","[1, 18]","[3, 3]",[4],0.025783972588157126,"[0.3464858829975128, 0.3464858829975128]"
268,"[10, 8, 6, 2]","[7, 9, 17, 21]","[6, 5, 5, 2]","[8, 2]",0.07694976287179058,"[1.0084236860275269, 1.0084236860275269]"
269,[8],[9],[3],"[16, 8]",0.009426284052361993,"[0.32153844833374023, 0.32153844833374023]"
270,"[7, 6, 2, 2]","[6, 13, 15, 22]","[10, 9, 8, 2]","[128, 64]",0.006622109466191835,"[0.7139632701873779, 0.7139632701873779]"
271,"[10, 10, 6, 4, 2]","[7, 8, 13, 18, 22]","[7, 6, 6, 5, 4]","[32, 8, 4]",0.004585044965474792,"[0.5845916867256165, 0.5845916867256165]"
272,"[8, 5, 5]","[2, 13, 17]","[7, 3, 1]","[64, 8]",0.010006083727945361,"[0.9798328280448914, 0.9798328280448914]"
273,"[8, 7, 6, 4, 1]","[2, 6, 14, 16, 17]","[7, 6, 5, 5, 2]","[16, 4]",0.006352238389252835,"[0.22354647517204285, 0.22354647517204285]"
274,"[5, 3, 3]","[1, 14, 24]","[8, 7, 5]","[32, 4]",0.0001469010590721938,"[0.9749210476875305, 0.9749210476875305]"
275,[3],[16],[10],"[64, 64, 32]",0.017474736494420332,"[0.5127827525138855, 0.5127827525138855]"
276,"[6, 6]","[6, 10]","[9, 8]","[64, 16, 2]",0.0021108246300056183,"[0.629557192325592, 0.629557192325592]"
277,"[4, 4, 3, 2, 1]","[2, 3, 3, 16, 21]","[10, 9, 8, 7, 2]","[32, 2]",1.0015872601256893e-05,"[40.355194091796875, 40.355194091796875]"
278,[5],[7],[4],[16],0.002912921234131471,"[0.6022361516952515, 0.6022361516952515]"
279,"[10, 8, 6, 3]","[2, 9, 17, 17]","[8, 6, 5, 4]",[64],0.0041265507762548595,"[0.6944199800491333, 0.6944199800491333]"
280,"[7, 1]","[13, 24]","[4, 3]","[64, 16, 4]",4.799572090427902e-05,"[0.9827758073806763, 0.9827758073806763]"
281,"[8, 7, 3, 2, 1]","[2, 4, 6, 14, 20]","[10, 8, 5, 4, 2]","[64, 32, 2]",5.1262387538552794e-05,"[0.9814532995223999, 0.9814532995223999]"
282,[9],[22],[5],[4],0.01231663358234586,"[0.2926751971244812, 0.2926751971244812]"
283,"[9, 7, 7, 1]","[3, 12, 14, 23]","[10, 10, 2, 2]","[128, 4, 2]",0.0050088125230281335,"[0.5212576985359192, 0.5212576985359192]"
284,"[8, 5, 3, 3, 2]","[6, 12, 14, 17, 21]","[10, 5, 4, 2, 1]",[128],0.00012226410645537798,"[0.9684816598892212, 0.9684816598892212]"
285,"[7, 2, 2]","[1, 14, 17]","[10, 5, 1]",[4],0.0005612261571325475,"[0.8907188177108765, 0.8907188177108765]"
286,"[3, 3]","[14, 16]","[7, 2]","[64, 16]",0.0012491573904446693,"[0.8192992210388184, 0.8192992210388184]"
287,"[9, 4]","[15, 20]","[4, 1]","[64, 32]",4.288017956963616e-05,"[0.9815892577171326, 0.9815892577171326]"
288,[1],[10],[10],"[128, 8, 2]",0.003733578168274423,"[0.998204231262207, 0.998204231262207]"
289,"[8, 7, 7, 2]","[5, 6, 8, 18]","[10, 10, 9, 3]","[32, 16, 16]",0.017466402906331936,"[0.5538866519927979, 0.5538866519927979]"
290,"[9, 5]","[21, 22]","[8, 4]",[4],0.00023838016859572186,"[0.9742847681045532, 0.9742847681045532]"
291,"[10, 7, 6, 1]","[11, 14, 19, 22]","[8, 7, 6, 1]","[4, 2, 2]",0.0645344253148811,"[0.8728392720222473, 0.8728392720222473]"
292,"[9, 5, 5, 4]","[8, 10, 11, 20]","[10, 6, 5, 4]",[2],0.0001794048002413877,"[0.9775947332382202, 0.9775947332382202]"
293,"[9, 4, 1]","[1, 8, 11]","[10, 9, 6]","[128, 2]",0.007922228777740629,"[0.5206314921379089, 0.5206314921379089]"
294,"[9, 5, 4]","[14, 19, 24]","[10, 5, 4]","[64, 16]",0.0050258075431257624,"[0.42951127886772156, 0.42951127886772156]"
295,"[9, 6, 6]","[3, 5, 24]","[10, 5, 3]",[16],0.011345703504318913,"[0.3044971525669098, 0.3044971525669098]"
296,"[9, 5, 3]","[12, 13, 16]","[10, 9, 8]",[4],0.0007471967563699093,"[0.9595865607261658, 0.9595865607261658]"
297,"[7, 7, 3, 1, 1]","[4, 13, 15, 18, 23]","[8, 8, 7, 5, 1]",[16],0.0889507276293679,"[1.183727741241455, 1.183727741241455]"
298,[2],[16],[6],[2],0.059025885241708494,"[0.9848959445953369, 0.9848959445953369]"
299,"[2, 1]","[17, 18]","[10, 4]","[64, 8, 2]",0.001007964271290276,"[0.8340297341346741, 0.8340297341346741]"
300,"[7, 3, 2]","[17, 17, 22]","[6, 4, 2]",[16],0.04432805162150068,"[1.064565896987915, 1.064565896987915]"
301,"[9, 5, 1]","[10, 16, 19]","[8, 5, 3]","[128, 64]",0.0004215149342529697,"[0.9712774753570557, 0.9712774753570557]"
302,"[8, 8, 7, 1, 1]","[2, 9, 13, 14, 23]","[7, 4, 4, 2, 1]","[8, 4, 4]",2.2890394556903275e-05,"[0.9817018508911133, 0.9817018508911133]"
303,"[8, 2]","[1, 16]","[2, 1]","[64, 4, 2]",8.006303008925716e-05,"[0.9737499356269836, 0.9737499356269836]"
304,"[10, 9, 7, 7, 4]","[6, 9, 13, 17, 24]","[7, 7, 6, 6, 2]","[16, 16]",0.010976361387662623,"[0.32642820477485657, 0.32642820477485657]"
305,[8],[4],[6],[128],2.531796992799738e-05,"[0.9761701822280884, 0.9761701822280884]"
306,"[8, 7, 2]","[14, 16, 19]","[8, 6, 2]","[128, 64, 64]",4.828672921712341e-05,"[0.9753363132476807, 0.9753363132476807]"
307,"[9, 8, 8, 3]","[2, 9, 18, 20]","[7, 4, 4, 3]","[128, 32]",0.000624333788469979,"[0.9519467949867249, 0.9519467949867249]"
308,"[2, 2, 1, 1]","[2, 4, 14, 17]","[10, 10, 4, 3]",[16],0.0007147555014452976,"[0.9702101945877075, 0.9702101945877075]"
309,"[9, 1]","[7, 10]","[7, 4]","[32, 16]",0.001069066542431333,"[0.9763389825820923, 0.9763389825820923]"
310,[7],[18],[3],"[64, 16]",0.015871688716633855,"[0.3199111521244049, 0.3199111521244049]"
311,"[6, 5, 2]","[9, 21, 23]","[10, 10, 8]","[64, 32, 32]",0.011126876406472985,"[0.1937379240989685, 0.1937379240989685]"
312,"[9, 7, 5]","[7, 9, 10]","[6, 5, 2]","[128, 64, 4]",7.352850628035861e-05,"[0.9873031973838806, 0.9873031973838806]"
313,"[10, 8, 5, 4, 4]","[1, 3, 15, 17, 24]","[5, 5, 3, 2, 2]","[16, 2]",0.002811842521011828,"[0.6289474964141846, 0.6289474964141846]"
314,"[5, 3, 2]","[8, 19, 23]","[10, 8, 2]","[128, 32, 2]",0.00037159024363900956,"[0.9624006748199463, 0.9624006748199463]"
315,"[7, 4]","[1, 18]","[7, 2]",[64],0.020472306949697962,"[0.8364378809928894, 0.8364378809928894]"
316,[5],[17],[6],"[16, 16]",0.00013302326400645246,"[0.9716064929962158, 0.9716064929962158]"
317,"[8, 6]","[5, 15]","[10, 6]",[16],0.0026905357766019043,"[0.7108685374259949, 0.7108685374259949]"
318,"[10, 5]","[19, 24]","[5, 5]",[128],4.868634150281968e-05,"[0.9811158180236816, 0.9811158180236816]"
319,"[9, 7, 5, 5]","[5, 9, 18, 23]","[10, 10, 10, 9]",[2],0.015552838508701787,"[0.34558331966400146, 0.34558331966400146]"
320,"[10, 10, 7, 7]","[2, 8, 15, 16]","[10, 6, 4, 3]","[32, 4, 2]",0.01522342340019976,"[0.982751727104187, 0.982751727104187]"
321,"[8, 7, 3]","[7, 15, 21]","[10, 2, 1]","[128, 64, 4]",0.018115837475362558,"[0.48171356320381165, 0.48171356320381165]"
322,"[8, 3]","[15, 19]","[6, 3]","[64, 8]",0.01711169519640546,"[0.6575612425804138, 0.6575612425804138]"
323,"[4, 3, 2]","[7, 13, 17]","[8, 2, 1]","[16, 4]",0.019171495547230123,"[0.6326602697372437, 0.6326602697372437]"
324,"[4, 3]","[9, 20]","[7, 2]","[64, 4, 2]",0.0016642262639841498,"[0.7326499819755554, 0.7326499819755554]"
325,"[10, 10, 9, 7, 4]","[12, 12, 12, 13, 14]","[8, 8, 7, 4, 3]","[32, 16, 16]",1.1873645465239102e-05,"[0.9776566028594971, 0.9776566028594971]"
326,[5],[6],[6],"[64, 4]",0.0017602137920115961,"[1.0295408964157104, 1.0295408964157104]"
327,"[10, 7, 6, 3]","[5, 8, 9, 13]","[7, 7, 4, 1]",[32],0.0005818799082060087,"[0.9243473410606384, 0.9243473410606384]"
328,"[10, 3]","[8, 21]","[4, 3]",[16],0.00035766170026795967,"[0.9436628818511963, 0.9436628818511963]"
329,"[9, 8, 4, 3]","[12, 21, 23, 23]","[8, 2, 1, 1]","[32, 16, 2]",0.04590510941541314,"[1.1356611251831055, 1.1356611251831055]"
330,"[9, 9, 8, 7]","[10, 12, 20, 23]","[9, 7, 5, 3]","[32, 16]",2.6304151360194067e-05,"[0.98394376039505, 0.98394376039505]"
331,"[9, 9, 9, 3, 2]","[4, 4, 6, 14, 19]","[8, 6, 6, 6, 2]","[128, 2]",1.6715242070729857e-05,"[0.9840778112411499, 0.9840778112411499]"
332,"[9, 9, 5, 5]","[1, 21, 22, 23]","[10, 7, 3, 2]","[16, 16, 4]",0.007437670780179614,"[0.5505156517028809, 0.5505156517028809]"
333,"[6, 6]","[17, 22]","[10, 2]",[8],7.618636196930458e-05,"[0.9964584708213806, 0.9964584708213806]"
334,"[9, 9, 4, 2]","[1, 5, 15, 20]","[8, 3, 3, 2]","[32, 8, 2]",0.004219515869142596,"[0.4371502101421356, 0.4371502101421356]"
335,"[10, 5, 4]","[12, 16, 22]","[10, 9, 7]","[32, 16]",0.0015769657669564507,"[0.8095525503158569, 0.8095525503158569]"
336,"[9, 8, 8, 3, 2]","[7, 13, 18, 19, 20]","[10, 10, 3, 3, 2]",[64],0.020436734587698846,"[0.3101479709148407, 0.3101479709148407]"
337,"[10, 7, 7, 2, 2]","[8, 12, 12, 14, 18]","[9, 8, 7, 5, 2]",[2],0.007909421252968974,"[0.2939213216304779, 0.2939213216304779]"
338,"[7, 6, 5]","[12, 15, 22]","[8, 8, 4]","[32, 32, 2]",5.603217259725852e-05,"[0.9815535545349121, 0.9815535545349121]"
339,"[4, 3]","[14, 20]","[7, 5]","[64, 2]",0.004849573320084721,"[0.6263948678970337, 0.6263948678970337]"
340,"[8, 5, 1]","[3, 20, 20]","[7, 5, 5]","[128, 128]",0.09274170438076472,"[0.9747436046600342, 0.9747436046600342]"
341,"[9, 5, 2]","[11, 17, 17]","[4, 4, 1]","[16, 16]",1.4506114729446278e-05,"[0.9872411489486694, 0.9872411489486694]"
342,[6],[7],[4],"[64, 32, 32]",0.0325161845707301,"[0.9526062607765198, 0.9526062607765198]"
343,"[10, 4, 4]","[4, 16, 22]","[5, 5, 3]","[128, 2]",0.01853765964026643,"[0.369051456451416, 0.369051456451416]"
344,"[8, 2]","[1, 12]","[8, 1]",[128],2.6815054309169256e-05,"[0.9830631017684937, 0.9830631017684937]"
345,[7],[7],[6],"[128, 4]",0.0004513728971190827,"[0.9528814554214478, 0.9528814554214478]"
346,[9],[13],[8],"[128, 16, 2]",0.003759204562847196,"[0.45042410492897034, 0.45042410492897034]"
347,"[9, 7]","[6, 10]","[8, 7]",[16],0.0749229956412751,"[0.9793078899383545, 0.9793078899383545]"
348,"[6, 6, 4, 4]","[2, 2, 6, 21]","[5, 5, 3, 1]","[64, 16]",0.04380381114583852,"[0.9320582747459412, 0.9320582747459412]"
349,"[9, 7, 1]","[13, 14, 18]","[7, 5, 4]","[128, 64]",0.00016387837749611933,"[0.9694287180900574, 0.9694287180900574]"
350,[2],[6],[9],"[128, 4, 4]",0.0003301919415582457,"[0.9518541693687439, 0.9518541693687439]"
351,[7],[4],[4],"[16, 2]",0.004104371894338095,"[0.48105117678642273, 0.48105117678642273]"
352,"[9, 8, 6, 6, 3]","[2, 10, 15, 15, 18]","[7, 5, 4, 3, 1]",[8],0.006227979765076286,"[0.43777018785476685, 0.43777018785476685]"
353,[2],[13],[7],[8],0.0023348908505960745,"[0.6451946496963501, 0.6451946496963501]"
354,"[9, 7, 3, 2]","[8, 9, 17, 18]","[8, 6, 2, 1]","[128, 4, 2]",2.6293451591320986e-05,"[0.98236483335495, 0.98236483335495]"
355,"[9, 7, 6, 2]","[9, 12, 23, 24]","[8, 7, 6, 6]",[64],2.489100113071566e-05,"[0.9870395064353943, 0.9870395064353943]"
356,"[10, 9, 5]","[4, 13, 15]","[6, 3, 1]","[32, 4]",0.0001617656781353081,"[0.9843767285346985, 0.9843767285346985]"
357,"[7, 5]","[19, 21]","[10, 6]","[16, 8]",1.4752334736738155e-05,"[0.9793310761451721, 0.9793310761451721]"
358,[3],[7],[8],"[64, 64, 2]",0.005689994658780954,"[0.530510425567627, 0.530510425567627]"
359,"[4, 1]","[7, 20]","[3, 2]","[32, 2]",1.4229277875453787e-05,"[0.9838621020317078, 0.9838621020317078]"
360,"[9, 9, 8, 8, 5]","[3, 7, 7, 18, 21]","[10, 8, 2, 1, 1]","[64, 64]",3.5852224886499195e-05,"[0.9824530482292175, 0.9824530482292175]"
361,"[6, 5, 2]","[3, 8, 10]","[9, 9, 1]","[32, 16, 16]",7.965812220489273e-05,"[0.9917865991592407, 0.9917865991592407]"
362,"[6, 4, 3, 1]","[4, 12, 18, 24]","[10, 4, 2, 1]","[8, 8, 4]",0.060499289804362026,"[0.9824736714363098, 0.9824736714363098]"
363,"[10, 9, 8]","[10, 12, 18]","[9, 6, 3]","[128, 64, 8]",0.0004006341671527142,"[0.9627607464790344, 0.9627607464790344]"
364,"[8, 6, 4, 4, 2]","[6, 9, 22, 22, 22]","[8, 6, 4, 2, 2]","[128, 64, 8]",4.855484284697701e-05,"[0.977601945400238, 0.977601945400238]"
365,"[9, 7, 6, 5, 4]","[2, 4, 16, 17, 23]","[10, 7, 4, 4, 2]","[32, 16, 8]",0.0035222502645350135,"[0.4163897931575775, 0.4163897931575775]"
366,[2],[18],[2],"[16, 2]",0.0028907982324017324,"[0.5434314608573914, 0.5434314608573914]"
367,"[10, 5, 4]","[14, 20, 21]","[8, 6, 1]","[16, 8]",0.0009767494121930927,"[0.9377993941307068, 0.9377993941307068]"
368,[3],[7],[7],"[64, 16]",0.00013837765387816366,"[0.9696575403213501, 0.9696575403213501]"
369,"[7, 3]","[3, 3]","[9, 7]","[16, 4, 2]",4.010636524252327e-05,"[0.9838597774505615, 0.9838597774505615]"
370,[10],[12],[10],[2],8.082044420541554e-05,"[0.9783832430839539, 0.9783832430839539]"
371,"[9, 7, 4, 2]","[10, 12, 21, 22]","[9, 8, 5, 5]","[128, 16]",0.00194359364626234,"[0.694589376449585, 0.694589376449585]"
372,"[10, 6, 4, 2]","[1, 5, 6, 24]","[7, 7, 5, 3]","[32, 16, 2]",0.004048618072679594,"[0.57433021068573, 0.57433021068573]"
373,"[7, 5]","[20, 22]","[7, 3]","[16, 16, 2]",0.01242732079842985,"[0.5311208963394165, 0.5311208963394165]"
374,"[10, 6, 4, 3]","[18, 19, 20, 23]","[8, 6, 2, 2]","[128, 8]",0.0007096993213197554,"[56.857810974121094, 56.857810974121094]"
375,"[10, 2]","[10, 24]","[5, 3]",[32],2.184804143591772e-05,"[81.97332000732422, 81.97332000732422]"
376,"[10, 2]","[1, 16]","[1, 1]",[64],0.0449811597930411,"[0.7980718612670898, 0.7980718612670898]"
377,"[7, 5, 4, 2, 1]","[1, 4, 8, 13, 24]","[9, 8, 8, 7, 3]","[64, 2]",2.2423858479921254e-05,"[0.9841436147689819, 0.9841436147689819]"
378,"[9, 5, 4, 4, 2]","[6, 9, 21, 21, 24]","[9, 7, 5, 4, 3]",[16],0.010195823662703617,"[0.4096502363681793, 0.4096502363681793]"
379,"[10, 4]","[14, 14]","[10, 7]",[16],4.12245856045755e-05,"[0.9788751006126404, 0.9788751006126404]"
380,"[6, 5, 4, 3, 2]","[2, 5, 16, 17, 23]","[10, 7, 4, 3, 1]",[64],0.0005121249429497523,"[0.9426164627075195, 0.9426164627075195]"
381,"[9, 6, 3]","[15, 17, 19]","[10, 5, 1]",[64],0.05584633412682291,"[1.0938421487808228, 1.0938421487808228]"
382,"[10, 7, 7, 3, 2]","[6, 12, 18, 19, 23]","[9, 7, 4, 3, 2]","[128, 2]",0.002778787327069304,"[0.4409956932067871, 0.4409956932067871]"
383,"[5, 5, 2, 1]","[5, 6, 14, 15]","[10, 8, 6, 1]","[128, 64, 16]",1.325216371334592e-05,"[0.9762848615646362, 0.9762848615646362]"
384,[9],[1],[8],"[16, 2]",9.823663228536157e-05,"[0.9753963947296143, 0.9753963947296143]"
385,"[7, 7]","[2, 17]","[4, 1]",[32],0.028947749872699626,"[0.48743075132369995, 0.48743075132369995]"
386,"[5, 4]","[13, 20]","[1, 1]","[16, 4]",0.0033489314206621512,"[0.6008690595626831, 0.6008690595626831]"
387,"[9, 7, 6, 6, 3]","[5, 6, 10, 13, 20]","[10, 5, 4, 2, 2]","[32, 16, 2]",0.003084160432722548,"[0.9047775864601135, 0.9047775864601135]"
388,"[9, 4, 4, 4, 2]","[3, 10, 14, 19, 23]","[10, 6, 6, 5, 2]","[128, 16, 8]",0.003046428581334004,"[0.4314405918121338, 0.4314405918121338]"
389,"[8, 8]","[8, 12]","[8, 3]","[8, 2]",0.0006257418907152434,"[0.9619013667106628, 0.9619013667106628]"
390,[2],[19],[3],"[128, 8, 2]",0.0005275727631973618,"[0.9653234481811523, 0.9653234481811523]"
391,"[8, 5, 4, 3]","[13, 14, 22, 24]","[9, 4, 2, 1]","[128, 8]",0.0005101612141483261,"[0.9416221976280212, 0.9416221976280212]"
392,"[6, 5, 5, 1, 1]","[5, 5, 15, 19, 20]","[7, 5, 4, 3, 1]","[128, 2]",0.000305973907244226,"[0.9702950716018677, 0.9702950716018677]"
393,"[9, 8, 3, 3, 2]","[8, 9, 21, 22, 24]","[9, 7, 6, 5, 4]","[2, 2]",0.01175605772102593,"[0.33451566100120544, 0.33451566100120544]"
394,"[10, 3, 1]","[3, 13, 20]","[8, 5, 1]","[64, 8]",0.0002602483434530794,"[0.9542326927185059, 0.9542326927185059]"
395,"[9, 9, 4]","[4, 15, 18]","[8, 6, 2]",[64],0.0020728994394700814,"[0.7342694997787476, 0.7342694997787476]"
396,"[8, 3, 2, 1]","[2, 8, 19, 23]","[10, 6, 4, 2]",[64],0.018280418526616174,"[0.40210995078086853, 0.40210995078086853]"
397,"[10, 9, 4, 4, 1]","[5, 7, 13, 23, 24]","[3, 2, 1, 1, 1]","[64, 2]",8.848231881627229e-05,"[0.976087749004364, 0.976087749004364]"
398,"[10, 7, 4, 3, 1]","[4, 8, 14, 16, 17]","[5, 5, 3, 3, 1]","[128, 4, 2]",0.06294942501328712,"[0.993602991104126, 0.993602991104126]"
399,"[9, 4, 4, 3]","[5, 21, 23, 24]","[10, 9, 8, 4]","[64, 16]",0.004864635605093946,"[0.3206205666065216, 0.3206205666065216]"
